INSERT INTO yard
(yardID,
yard_name,
regNUM)
VALUES
(1, 'Manton_Estate', 123),
(2, 'Warren_Place', 234),
(3, 'Cheveley_Park', 345),
(4, 'Clarehaven_Stables', 456),
(5, 'Ballydoyle', 567),
(6, 'DalhamHallStud', 678),
(7, 'Kildangan_Stud', 789),
(8, 'Stanley_House', 890),
(9, 'Moulton_Paddocks', 901),
(10, 'Beechurst_Stables', 012);

INSERT INTO trainer
(yardID,
personID,
regNUM)
VALUES
(1, 11, 4),
(2, 9, 7),
(3, 2, 10),
(4, 84, 2),
(5, 75, 3),
(6, 12, 1),
(7, 28, 9),
(8, 36, 8),
(9, 90, 5),
(10, 34, 6),
(10, 35, 6);

INSERT INTO race
(RaceDate,
Course,
HorseName,
RaceCode)
VALUES
('2020-01-01', 'Cheltenham', 'PALACE PIER', 'J'),
('2020-01-01', 'Exeter', 'MISHRIFF', 'J'),
('2020-01-01', 'Musselburgh', 'SUBJECTIVIST', 'F'),
('2020-01-02', 'Ayr', 'AL AASY', 'J'),
('2020-01-02', 'Lingfield Park', 'BATTAASH', 'F'),
('2020-01-03', 'Musselburgh', 'LORD NORTH', 'J'),
('2020-01-04', 'Lingfield Park', 'PYLEDRIVER', 'F'),
('2020-01-04', 'Newcastle', 'STRADIVARIUS', 'J'),
('2020-01-04', 'Sandown Park', 'MOGUL', 'J'),
('2020-01-06', 'Ayr', 'ALPINE STAR', 'J'),
('2020-01-15', 'Newbury', 'SPACE BLUES', 'J'),
('2020-01-15', 'Plumpton', 'DREAM OF DREAMS', 'F'),
('2020-01-15', 'Wolverhampton', 'ARMORY', 'F'),
('2020-01-18', 'Ascot', 'SUPREMACY', 'J'),
('2020-01-18', 'Haydock Park', 'REBELS ROMANCE', 'F'),
('2020-01-18', 'Taunton', 'ALCOHOL FREE', 'J'),
('2020-01-19', 'Ayr', 'PALACE PIER', 'J'),
('2020-01-20', 'Wolverhampton', 'CREATIVE FORCE', 'F'),
('2020-01-24', 'Doncaster', 'LORD NORTH', 'J'),
('2020-01-24', 'Huntingdon', 'WINTER POWER', 'F'),
('2020-01-24', 'Wolverhampton', 'SUBJECTIVIST', 'F'),
('2020-02-01', 'Huntingdon', 'LUCKY VEGA', 'J'),
('2020-02-01', 'Cheltenham', 'SPACE BLUES', 'J'),
('2020-02-05', 'Wincanton', 'SNOWFALL', 'J'),
('2020-02-05', 'Exeter', 'PALACE PIER', 'J'),
('2020-02-10', 'Newcastle', 'BATTAASH', 'F'),
('2020-02-12', 'Southwell', 'GO BEARS GO', 'F'),
('2020-03-03', 'Ayr', 'CASTLE STAR', 'J'),
('2020-03-09', 'Warwick', 'QUICK SUZY', 'J'),
('2020-03-09', 'Musselburgh', 'ALCOHOL FREE', 'J'),
('2020-03-10', 'Lingfield Park', 'DREAM OF DREAMS', 'F'),
('2020-03-18', 'Newcastle', 'PERFECT POWER', 'J'),
('2020-03-18', 'Sandown Park', 'MISHRIFF', 'J'),
('2020-03-22', 'Kelso', '	CHIPOTLE', 'J'),
('2020-03-22', 'Newbury', 'LORD NORTH', 'J'),
('2020-04-05', 'Plumpton', 'MASSETO', 'F'),
('2020-04-05', 'Wolverhampton', 'PYLEDRIVER', 'F'),
('2020-04-11', 'Ascot', 'SPACE BLUES', 'J'),
('2020-04-11', 'Ascot', 'DHABAB', 'J'),
('2020-04-19', 'Haydock Park', 'HERMANA ESTRELLA', 'F'),
('2020-04-21', 'Cheltenham', 'ALCOHOL FREE', 'J'),
('2020-04-21', 'Ayr', 'PALACE PIER', 'J'),
('2020-04-26', 'Newcastle', 'CREATIVE FORCE', 'F'),
('2020-04-26', 'Doncaster', 'SUPREMACY', 'J'),
('2020-05-03', 'Ayr', 'WINTER POWER', 'F'),
('2020-05-03', 'Wolverhampton', 'EBRO RIVER', 'F'),
('2020-05-10', 'Kelso', 'LUCKY VEGA', 'J'),
('2020-05-14', 'Cheltenham', 'SPACE BLUES', 'J'),
('2020-05-21', 'Newbury', 'SNOWFALL', 'J'),
('2020-05-28', 'Carlisle', 'ATOMIC FORCE', 'J'),
('2020-06-03', 'Southwell', 'MASSETO', 'F'),
('2020-06-10', 'Kempton Park', 'DR ZEMPF', 'F'),
('2020-06-10', 'Kempton Park', 'CADAMOSTO', 'F');

INSERT INTO person
(personID,
f_name,
surname, 
address,
phone)
VALUES
(11, 'Fergal', 'OBrien', '62 Mill Road, SUNDERLAND, SR79 2AV', '447700900518'),
(9, 'Nicky', 'Henderson', '89 North Road, SOUTH EAST LONDON, SE43 7HG', '441514960466'),
(2, 'Peter', 'Bowen', '209 Park Avenue, SLOUGH, SL70 6IY', '441164960278'),
(84, 'Paul', 'Nicholls', '28 New Street,CROYDON, CR51 6YP', '441164960782'),
(75, 'Richard', 'Newland', 'Crossways, Middle Dimson, PL18 9NQ', '441154960611'),
(12, 'Aidan', 'OBrien', '2 Foresters Row, East Goscote, LE7 3ZF', '441614960644'),
(28, 'Charlie', 'Appleby', '166 Deighton Road, Huddersfield, HD2 1JS', '441314960495'),
(36, 'Mark', 'Johnston', 'Stepping Stones, Plain An Gwarry, Marazion, TR17 0DR', '441314960598'),
(90, 'Andrew', 'Balding', '1 Cotton Pool Road, Bromsgrove, B61 8RQ', '441174960957'),
(34, 'John', 'Gosden', '7 Haven Way, St Marys Island, ME4 3LB', '441184960813'),
(35, 'Thady', 'Gosden', '9 Chinnor Crescent, Greenford, UB6 9NU', '441144960756'),
(77, 'A', 'Godolphin', '6 Jenner Court, Cleethorpes, DN35 7PH', '441134960553'),
(43, 'D', 'Smith', '23 Alexandra Avenue, Warlingham, CR6 9DT', '441184960842'),
(25, 'J', 'Magnier', '49 Castleton Road, Scunthorpe, DN15 7UX', '441144960435'),
(30, 'P', 'Shadwell', '15 Rectory Lane, Kings Langley, WD4 8HA', '441214960815'),
(15, 'K', 'Power', '7 Kings Close, Shadoxhurst, TN26 1AU', '441134960873'),
(49, 'Saeed', 'Suhail', 'Third Floor Flat, 6 Coleherne Road, London, SW10 9BP', '441144960993'),
(5, 'John', 'McManus', 'Owes Farm, Owes Lane, Skidbrooke, LN11 7DE', '441134960777'),
(8, 'Aiden', 'Murphy', '1 St Pauls Close, South Petherton, TA13 5BG', '441414960379'),
(88, 'Alan Peterson', 'Suhail', 'Gp1 Premises, Briton Ferry Health Centre, Brunel Way, Briton Ferry, SA11 2FP', '447700900989' ),
(50, 'Roddy', 'Owen', '4 The Pines, Faringdon, SN7 8AU', '447700900482'),
(39, 'JP', 'Romans', '30 Currock Road, Carlisle, CA2 4BB', '441154960624'),
(41, 'Simon', 'Munir', '1 Edmondscote, Penwartha,TR6 0AY', '447700900627');

INSERT INTO owner
(personID,
regNUM)
VALUES
(77, 10),
(43, 9),
(25, 8),
(30, 7),
(15, 7),
(49, 6),
(5, 5),
(8, 4),
(88, 3),
(50, 5),
(39, 20),
(41, 1);
